Pergunta_BR,Resposta_BR,Resposta_Modelo
Qual é a história do HPS para Hantavírus?,"O ""Primeiro"" Surto

Em maio de 1993, ocorreu um surto de doença pulmonar inexplicada no sudoeste dos Estados Unidos, em uma área compartilhada por Arizona, Novo México, Colorado e Utah, conhecida como ""Os Quatro Cantos"". Um homem Navajo jovem e fisicamente apto, que apresentava falta de ar, foi levado apressadamente para um hospital no Novo México e morreu muito rapidamente.

Ao revisar os resultados do caso, os profissionais médicos descobriram que a noiva do jovem havia morrido alguns dias antes após apresentar sintomas semelhantes, uma informação crucial para a descoberta da doença. Como o Dr. James Cheek do Serviço de Saúde Indígena (IHS) observou: ""Acho que se não fosse por esse primeiro par de pessoas que adoeceram em um intervalo de uma semana, nunca teríamos descoberto a doença"".

Uma investigação que cobriu toda a região dos Quatro Cantos foi lançada pelo Escritório de Investigações Médicas do Novo México (OMI) para encontrar outras pessoas com histórico de casos semelhantes. Em poucas horas, o Dr. Bruce Tempest do IHS, trabalhando com o OMI, localizou cinco jovens saudáveis que haviam morrido após falência respiratória aguda.

Uma série de testes laboratoriais não conseguiu identificar nenhuma das mortes como causada por uma doença conhecida, como a peste bubônica. Neste ponto, o Departamento de Doenças Transmissíveis do CDC foi notificado. O CDC, os departamentos de saúde estaduais do Novo México, Colorado e Utah, o Serviço de Saúde Indígena, a Nação Navajo e a Universidade do Novo México se uniram para enfrentar o surto.

Nas semanas seguintes, à medida que casos adicionais da doença eram relatados na área dos Quatro Cantos, médicos e outros especialistas científicos trabalharam intensamente para reduzir a lista de possíveis causas. A combinação particular de sintomas e achados clínicos afastou os pesquisadores de possíveis causas, como exposição a herbicidas ou um novo tipo de influenza, e os direcionou para algum tipo de vírus. Amostras de tecido de pacientes que contraíram a doença foram enviadas ao CDC para análise exaustiva. Virologistas do CDC usaram vários testes, incluindo novos métodos para identificar genes virais em nível molecular, e conseguiram ligar a síndrome pulmonar a um vírus, em particular um tipo de hantavírus previamente desconhecido.

Pesquisadores Lançam Investigações para Identificar o Portador do Novo Vírus

Os pesquisadores sabiam que todos os hantavírus conhecidos eram transmitidos aos humanos por roedores, como camundongos e ratos. Portanto, uma parte importante de sua missão foi capturar o maior número possível de espécies diferentes de roedores vivendo na região dos Quatro Cantos para encontrar o tipo específico de roedor que carregava o vírus. De junho até meados de agosto de 1993, todos os tipos de roedores foram capturados dentro e fora de casas onde pessoas com síndrome pulmonar por hantavírus haviam vivido, bem como em bosques de piñon e acampamentos de ovelhas de verão onde haviam trabalhado. Roedores adicionais foram capturados para comparação em e ao redor de residências próximas. Assumindo um risco calculado, os pesquisadores decidiram não usar roupas de proteção ou máscaras durante o processo de captura. ""Não queríamos entrar usando respiradores, assustando... todo mundo"", disse John Sarisky, um especialista em doenças ambientais do Serviço de Saúde Indígena. No entanto, quando os quase 1.700 roedores capturados foram dissecados para preparar amostras para análise no CDC, roupas de proteção e respiradores foram usados.

Entre os roedores capturados, o camundongo-de-veado (*Peromyscus maniculatus*) foi encontrado como o principal hospedeiro de um tipo de hantavírus previamente desconhecido. Como o camundongo-de-veado frequentemente vive perto de pessoas em áreas rurais e semi-rurais — em celeiros e construções anexas, pilhas de lenha e dentro de casas — os pesquisadores suspeitaram que o camundongo-de-veado poderia estar transmitindo o vírus aos humanos. Cerca de 30% dos camundongos-de-veado testados mostraram evidência de infecção por hantavírus. Os testes também mostraram que várias outras espécies de roedores estavam infectadas, embora em menor número.

O próximo passo foi estabelecer a ligação entre os camundongos-de-veado infectados e as residências onde as pessoas doentes viviam. Portanto, os investigadores lançaram uma investigação caso-controle. Eles compararam residências de ""casos"", onde as pessoas doentes viviam, com residências de ""controle"" próximas. As residências de controle eram semelhantes às onde os pacientes de caso viviam, exceto por um fator: ninguém nas residências de controle havia contraído a doença.

Os resultados? Primeiro, os investigadores capturaram mais roedores em residências de casos do que em residências de controle, então mais roedores podem ter vivido em contato próximo com as pessoas nas residências de casos. Segundo, as pessoas nas residências de casos eram mais propensas do que as das residências de controle a fazer limpeza pela casa ou a plantar ou arar o solo ao ar livre em campos ou jardins. No entanto, não estava claro se o risco de contrair HPS era devido à realização dessas tarefas, ou ao entrar em cômodos fechados ou armários para pegar ferramentas necessárias para essas tarefas.

Em novembro de 1993, o hantavírus específico que causou o surto dos Quatro Cantos foi isolado. O Departamento de Doenças Transmissíveis do CDC usou tecido de um camundongo-de-veado capturado perto da residência no Novo México de uma pessoa doente e cultivou o vírus a partir dele em laboratório. Pouco tempo depois e de forma independente, o Instituto de Pesquisa Médica de Doenças Infecciosas do Exército dos EUA (USAMRIID) também cultivou o vírus, a partir de uma pessoa no Novo México doente, bem como de um camundongo capturado na Califórnia.

O novo vírus foi chamado de vírus Muerto Canyon — mais tarde alterado para vírus Sin Nombre (SNV) — e a nova doença causada pelo vírus foi nomeada síndrome pulmonar por hantavírus, ou HPS.

O isolamento do vírus em questão de meses foi notável. Este sucesso foi baseado na estreita cooperação de todas as agências e indivíduos envolvidos na investigação do surto, anos de pesquisa básica sobre outros hantavírus realizados no CDC e no USAMRIID, e no desenvolvimento contínuo de testes virológicos moleculares modernos. Para colocar o rápido isolamento do vírus Sin Nombre em perspectiva, levaram várias décadas para que o primeiro hantavírus descoberto, o vírus Hantaan, fosse isolado.

HPS Não é Realmente uma Doença Nova

Como parte do esforço para localizar a fonte do vírus, os pesquisadores localizaram e examinaram amostras armazenadas de tecido pulmonar de pessoas que haviam morrido de doença pulmonar inexplicada. Algumas dessas amostras mostraram evidência de infecção prévia com o vírus Sin Nombre — indicando que a doença existia antes do surto ""primeiro"" conhecido — simplesmente não havia sido reconhecida!

Outros casos precoces de HPS foram descobertos examinando amostras de tecido de pessoas que haviam morrido de síndrome de desconforto respiratório adulto inexplicada. Por este método, o caso mais antigo conhecido de HPS confirmado foi o de um homem de 38 anos no Utah em 1959.

Curiosamente, embora o HPS não fosse conhecido pelas comunidades epidemiológica e médica, há evidências de que foi reconhecido em outros lugares. Os índios Navajo, vários dos quais contraíram HPS durante o surto de 1993, reconhecem uma doença semelhante em suas tradições médicas, e na verdade associam sua ocorrência a camundongos. De forma notável, as crenças médicas Navajo concordam com as recomendações de saúde pública para prevenir a doença.

Por que o Surto Ocorreu na Área dos Quatro Cantos?

Mas por que este aglomerado repentino de casos? A resposta chave para esta pergunta é que, durante esse período, havia repentinamente muitos mais camundongos do que o normal. A área dos Quatro Cantos estava em seca por vários anos. Então, no início de 1993, fortes nevascas e chuvas ajudaram as plantas e animais afetados pela seca a reviverem e crescerem em números maiores que o normal. Os camundongos-de-veado da área tiveram bastante alimento, e como resultado eles se reproduziram tão rapidamente que havia dez vezes mais camundongos em maio de 1993 do que em maio de 1992. Com tantos camundongos, era mais provável que camundongos e humanos entrassem em contato, e, portanto, mais provável que o hantavírus carregado pelos camundongos fosse transmitido aos humanos.

Transmissão de HPS de Pessoa para Pessoa Considerada Improvável

""Embora a transmissão de pessoa para pessoa [de HPS] não tenha sido documentada com nenhum dos outros hantavírus conhecidos, estávamos preocupados [durante este surto] porque estávamos lidando com um agente novo"", disse Charles Vitek, um investigador médico do CDC.

Os pesquisadores e clínicos que investigavam o surto em curso não foram os únicos grupos preocupados com a doença. Pouco tempo depois que os primeiros pacientes com HPS morreram e ficou claro que uma nova doença estava afetando as pessoas na área, e que ninguém sabia como era transmitida, a mídia começou a reportar extensivamente sobre o surto. Uma preocupação generalizada surgiu entre o público.

Infelizmente, as primeiras vítimas do surto foram Navajo. Os relatos da mídia focaram neste fato, e a percepção equivocada cresceu de que a doença desconhecida estava de alguma forma ligada aos Navajo. Como consequência, os Navajo se viram no centro de intensa atenção da mídia e objeto dos medos de algumas pessoas.

Para o final do verão de 1993, o frenesi da mídia havia diminuído um pouco, e a fonte da doença foi identificada. Os pesquisadores determinaram que, como outros hantavírus, o vírus que causa HPS não é transmitido de pessoa para pessoa como outras infecções, como o resfriado comum. A exceção a isso é um surto de HPS na Argentina em 1996. Evidências deste surto sugerem que cepas de hantavírus na América do Sul podem ser transmissíveis de pessoa para pessoa.

Até o momento, não foram relatados casos de HPS nos Estados Unidos em que o vírus tenha sido transmitido de uma pessoa para outra. De fato, em um estudo de profissionais de saúde expostos a pacientes ou espécimes infectados com tipos relacionados de hantavírus (que causam uma doença diferente em humanos), nenhum dos trabalhadores mostrou evidência de infecção ou doença.

HPS Desde o Primeiro Surto

Após o surto inicial, a comunidade médica em todo o país foi solicitada a relatar quaisquer casos de doenças com sintomas semelhantes aos de HPS que não pudessem ser explicados por qualquer outra causa. Como resultado, casos adicionais foram relatados.

Desde 1993, os pesquisadores descobriram que não há apenas um hantavírus que causa HPS, mas vários. Em junho de 1993, um inspetor de pontes de Louisiana que não havia viajado para a área dos Quatro Cantos desenvolveu HPS. Uma investigação foi iniciada. Os tecidos do paciente foram testados na presença de anticorpos contra hantavírus. Os resultados levaram à descoberta de outro hantavírus, chamado vírus Bayou, que foi ligado a um portador, o rato do arroz (*Oryzomys palustris*). No final de 1993, um homem de 33 anos da Flórida adoeceu com sintomas de HPS; ele se recuperou mais tarde. Esta pessoa também não havia viajado para a área dos Quatro Cantos. Uma investigação semelhante revelou ainda outro hantavírus, chamado vírus do Canal Black Creek, e seu portador, o rato de algodão (*Sigmodon hispidus*). Outro caso ocorreu em Nova York. Desta vez, o vírus semelhante ao Sin Nombre foi nomeado New York-1, e o camundongo-de-pés brancos (*Peromyscus leucopus*) foi implicado como portador.

Mais recentemente, casos de HPS provenientes de hantavírus relacionados foram documentados na Argentina, Brasil, Canadá, Chile, Paraguai e Uruguai, tornando o HPS uma doença pan-hemisférica.","O Hantavírus (Hantavirus) é uma doença zoonótica, ou seja, pode ser transmitida de animais para humanos. A história da doença no Brasil é relativamente recente.

A primeira epidemia de hantavírus no Brasil ocorreu em 1994, na região Nordeste do país, especificamente no estado do Piauí. Nessa época, a doença foi identificada por um grupo de pesquisadores da Universidade Federal do Piauí (UFPI) que estavam estudando a doença em uma família afetada na cidade de Teresina.

Desde então, houve várias epidemias e surtos de hantavírus no Brasil, principalmente nos estados do Nordeste e do Sudeste. A doença é mais comum durante os meses de outono e inverno, quando a temperatura é mais baixa e os animais hospedeiros (como camundongos e morcegos) são mais ativos.

A transmissão do hantavírus ocorre principalmente através da inalação de partículas contendo o vírus, que podem ser liberadas pelos animais hospedeiros quando eles estão mortos ou feridos. Em alguns casos, a doença também pode ser transmitida por meio de contato direto com os animais hospedeiros.

A doença é mais grave em pessoas com sistemas imunológicos comprometidos, como idosos, crianças e pessoas com doenças crônicas. A mortalidade associada à hantavírus no Brasil é relativamente alta, com taxas que variam de 10% a 30%.

A prevenção da doença é fundamental, e inclui medidas como:

* Evitar contato com animais hospedeiros
* Usar equipamentos de proteção individual (EPI) ao trabalhar com animais ou em áreas onde a doença é suspeita
* Manter as casas limpas e livres de detritos
* Evitar o manipulação de fezes ou urinas de animais

É importante lembrar que o diagnóstico e o tratamento da hantavírus devem ser feitos por profissionais de saúde qualificados."
Você tem informações sobre Cálcio na dieta (Também chamado de: Dieta - cálcio),"Resumo: O cálcio é o mineral mais abundante encontrado no corpo humano. Os dentes e ossos contêm a maior quantidade de cálcio. As células nervosas, tecidos corporais, sangue e outros fluidos corporais contêm o restante do cálcio.

Função: O cálcio é um dos minerais mais importantes para o corpo humano. Ele ajuda a formar e manter dentes e ossos saudáveis. Um nível adequado de cálcio no corpo ao longo da vida pode ajudar a prevenir a osteoporose. O cálcio ajuda seu corpo a:
- Construir ossos e dentes fortes
- Coagular o sangue
- Enviar e receber sinais nervosos
- Contrair e relaxar músculos
- Liberar hormônios e outros produtos químicos
- Manter um batimento cardíaco normal

Fontes Alimentares: CÁLCIO E DERIVADOS LÁCTEOS
Muitos alimentos contêm cálcio, mas os derivados lácteos são a melhor fonte. Leite e produtos lácteos como iogurte, queijos e iogurte líquido contêm uma forma de cálcio que seu corpo consegue absorver facilmente. Recomenda-se leite integral (4% de gordura) para crianças de 1 a 2 anos. Adultos e crianças acima de 2 anos devem consumir leite desnatado (2% ou 1%) ou leite semidesnatado e outros derivados lácteos. A remoção da gordura não diminuirá a quantidade de cálcio em um produto lácteo.
- Iogurte, a maioria dos queijos e iogurte líquido são excelentes fontes de cálcio e vêm em versões desnatadas ou sem gordura.
- O leite também é uma boa fonte de fósforo e magnésio, que ajudam o corpo a absorver e usar o cálcio.
- A Vitamina D é necessária para ajudar seu corpo a utilizar o cálcio. O leite é fortificado com vitamina D por esse motivo.

OUTRAS FONTES DE CÁLCIO
Outras fontes de cálcio que podem ajudar a suprir as necessidades de cálcio do seu corpo incluem:
- Vegetais de folhas verdes como brócolis, couve, couve de beterraba, mostarda, nabo e bok choy ou repolho chinês
- Salmão e sardinhas enlatadas com seus ossos macios
- Amêndoas, nozes-do-brasil, sementes de girassol, tahine e feijões secos
- Melaço de preto

O cálcio é frequentemente adicionado a produtos alimentícios. Estes incluem alimentos como suco de laranja, leite de soja, tofu, cereais prontos e pães. Estes são uma muito boa fonte de cálcio para pessoas que não consomem muitos produtos lácteos.

Formas de garantir que você consuma cálcio suficiente na dieta:
- Cozinhe os alimentos em pouca quantidade de água pelo menor tempo possível para reter mais cálcio nos alimentos que você come. (Isso significa cozinhar no vapor ou saltear em vez de ferver os alimentos.)
- Tome cuidado com outros alimentos que você consome com alimentos ricos em cálcio. Certas fibras, como farelo de trigo, e alimentos com ácido oxálico (espinafre e ruibarbo) podem se ligar ao cálcio e impedir sua absorção. É por isso que as folhas verdes não são consideradas uma fonte adequada de cálcio por si só, porque seu corpo não consegue utilizar muito do cálcio que elas contêm. Pessoas em dieta vegana precisam ter certeza de incluir também produtos de soja e produtos fortificados para obter cálcio suficiente.

SUPLEMENTOS DIETÉTICOS
O cálcio também é encontrado em muitos suplementos multivitamínicos e minerais. A quantidade varia, dependendo do suplemento. Os suplementos dietéticos podem conter apenas cálcio, ou cálcio com outros nutrientes como vitamina D. Verifique o rótulo no painel de Informações do Suplemento da embalagem para determinar a quantidade de cálcio no suplemento. A absorção de cálcio é melhor quando tomada em doses de no máximo 500 mg por vez.

Duas formas de suplementos dietéticos de cálcio comumente disponíveis são o citrato de cálcio e o carbonato de cálcio.
- O citrato de cálcio é a forma de suplemento mais cara. É absorvido bem pelo corpo em estômago cheio ou vazio.
- O carbonato de cálcio é menos caro. É melhor absorvido pelo corpo se tomado com alimentos. O carbonato de cálcio é encontrado em antiácidos de venda livre, como Rolaids ou Tums. Cada bala ou comprimido geralmente fornece de 200 a 400 mg de cálcio. Verifique o rótulo para a quantidade exata.

Outros tipos de cálcio em suplementos e alimentos incluem lactato de cálcio, gluconato de cálcio e fosfato de cálcio.

Efeitos Colaterais: O aumento do cálcio por um período limitado de tempo normalmente não causa efeitos colaterais. No entanto, receber quantidades mais altas de cálcio por um longo período de tempo aumenta o risco de pedras nos rins em algumas pessoas. Aqueles que não recebem cálcio suficiente por um longo período de tempo podem desenvolver osteoporose (afinamento do tecido ósseo e perda de densidade óssea com o tempo). Outras desordens também são possíveis. Pessoas com intolerância à lactose têm dificuldade em digerir lactose, o açúcar do leite. Estão disponíveis produtos de venda livre que facilitam a digestão da lactose. Você também pode comprar leite sem lactose na maioria dos supermercados. A maioria das pessoas que não sofrem de intolerância grave à lactose ainda consegue digerir queijos duros e iogurte. Informe ao seu profissional de saúde sobre quaisquer suplementos dietéticos e medicamentos que você tome. Seu profissional pode informar se esses suplementos dietéticos podem interagir ou interferir com seus medicamentos prescritos ou de venda livre. Além disso, alguns medicamentos podem interferir em como seu corpo absorve cálcio.

Recomendações: A fonte preferencial de cálcio são os alimentos ricos em cálcio, como os derivados lácteos. Algumas pessoas precisarão tomar um suplemento de cálcio. Quanto cálcio você precisa depende da sua idade e sexo. Outros fatores, como gravidez e doenças, também são importantes. As recomendações de cálcio, bem como de outros nutrientes, são fornecidas nas Ingestões de Referência Dietética (DRIs) desenvolvidas pela Food and Nutrition Board do Institute of Medicine. DRI é um termo para um conjunto de ingestões de referência usadas para planejar e avaliar a ingestão de nutrientes de pessoas saudáveis. Esses valores, que variam por idade e sexo, incluem:
- Ingestão Dietética Recomendada (RDA): O nível médio diário de ingestão que é suficiente para atender às necessidades de nutrientes de quase todas (97 a 98%) pessoas saudáveis. Um RDA é um nível de ingestão baseado em evidências de pesquisa científica.
- Ingestão Adequada (AI): Este nível é estabelecido quando não há evidências de pesquisa científica suficientes para desenvolver um RDA. É definido em um nível que se acredita garantir nutrição suficiente.

A fonte preferencial de cálcio são os alimentos ricos em cálcio, como os derivados lácteos. Algumas pessoas precisarão tomar um suplemento de cálcio se não consumirem cálcio suficiente dos alimentos que comem.
Recém-nascidos (AI)
- 0 a 6 meses: 200 miligramas por dia (mg/dia)
- 7 a 12 meses: 260 mg/dia

Crianças e Adolescentes (RDA)
- Idade 1 a 3: 700 mg/dia
- Idade 4 a 8: 1.000 mg/dia
- Idade 9 a 18: 1.300 mg/dia

Adultos (RDA)
- Idade 19 a 50: 1.000 mg/dia
- Idade 50 a 70: Homens - 1.000 mg/dia; Mulheres - 1.200 mg/dia
- Acima de 71: 1.200 mg/dia

Gravidez e amamentação (RDA)
- Idade 14 a 18: 1.300 mg/dia
- Idade 19 a 50: 1.000 mg/dia

Parece ser seguro consumir de 2.500 a 3.000 mg por dia de cálcio de fontes dietéticas e suplementos para crianças e adolescentes, e de 2.000 a 2.500 mg por dia para adultos. A seguinte lista pode ajudar você a determinar quanto cálcio está consumindo dos alimentos:
- Copo de 8 onças de leite = 300 mg de cálcio
- 1,5 onças de queijo suíço = 300 mg de cálcio
- 6 onças de iogurte = 300 mg de cálcio
- 3 onças de sardinhas com ossos = 200 mg de cálcio
- 1 xícara de nabo cozido = 100 mg de cálcio
- 1 xícara de amêndoas = 100 mg de cálcio
- 1 laranja média = 50 mg de cálcio
- 1 batata-doce média assada = 50 mg de cálcio

A Vitamina D é necessária para ajudar o corpo a absorver cálcio. Ao escolher um suplemento de cálcio, procure um que também contenha vitamina D.","Sim, posso fornecer informações gerais sobre o cálcio na dieta.

O cálcio é um mineral essencial para a saúde humana, desempenhando papéis importantes em várias funções corporais, como:

1. **Fortalecimento ósseo**: O cálcio ajuda a manter a densidade óssea, o que é particularmente importante durante a infância e adolescência para o desenvolvimento dos ossos, mas também é importante na vida adulta para prevenir osteoporose.
2. **Função muscular**: O cálcio é necessário para a contração e relaxamento muscular.
3. **Função nervosa**: O cálcio ajuda a transmitir sinais elétricos nos nervos.

A quantidade adequada de cálcio na dieta varia com a idade, sexo e nível de atividade física. Aqui estão algumas diretrizes gerais:

* **Infância e adolescência**: 500-700 mg por dia.
* **Adultos**: 1.000 mg por dia para homens e 900 mg por dia para mulheres.
* **Pessoas com risco de osteoporose**: 1.200-1.500 mg por dia.

Alimentos ricos em cálcio incluem:

* Laticínios (leite, queijo, iogurte)
* Legumes verdes (brócolis, couve-flor, espinacas)
* Nozes e sementes (amendoins, sementes de abóbora)
* Peixes gordurosos (salmão, atum)
* Frutas e vegetais secos

É importante notar que o excesso de cálcio pode ser prejudicial, causando problemas como:

* **Dificuldade para digerir**: O cálcio pode inibir a absorção de outros nutrientes.
* **Problemas cardíacos**: O excesso de cálcio pode aumentar a pressão arterial e reduzir a função cardíaca.

Além disso, é fundamental consultar um profissional de saúde antes de iniciar qualquer dieta ou suplementação, especialmente se você tiver condições médicas pré-existentes ou estiver tomando medicamentos."
O que é Herpes Zóster (Shingles)?,"Herpes Zóster é uma erupção cutânea dolorosa que se desenvolve em um lado do rosto ou do corpo. A erupção forma bolhas que geralmente formam crostas em 7 a 10 dias e desaparecem em 2 a 4 semanas. Mais comumente, a erupção ocorre em uma única faixa ao redor do lado esquerdo ou direito do corpo. Em outros casos, a erupção ocorre em um lado do rosto. Em casos raros (geralmente em pessoas com sistemas imunológicos enfraquecidos), a erupção pode ser mais disseminada e parecer uma erupção de catapora. O Herpes Zóster é muito comum. Cinquenta por cento de todos os americanos terão tido Herpes Zóster até os 80 anos. Embora o Herpes Zóster ocorra em pessoas de todas as idades, é mais comum em pessoas de 60 a 80 anos. Na verdade, um em cada três pessoas com 60 anos ou mais terá Herpes Zóster.

**O que Causa o Herpes Zóster?**
O Herpes Zóster é causado pela reativação do vírus da catapora (varicela). Ele é característico porque afeta apenas um lado do corpo. Os primeiros sinais de Herpes Zóster geralmente se desenvolvem em três estágios: dor ou formigamento intenso, possível erupção cutânea com coceira e bolhas que se parecem com catapora. O vírus que causa o Herpes Zóster é um vírus do gênero herpes (outro nome para Herpes Zóster é herpes zoster). Uma vez que você é infectado por esse tipo de vírus, ele permanece em seu corpo para a vida toda. Ele permanece inativo até um período em que sua imunidade está baixa.

**Herpes Zóster e Dor**
A complicação mais comum do Herpes Zóster é a dor — uma condição chamada neuralgia pós-herpética (NPH). Pessoas com NPH sentem dor intensa nas áreas onde tiveram a erupção de Herpes Zóster, mesmo depois que a erupção desaparece. Na maioria dos pacientes, a dor geralmente desaparece em algumas semanas ou meses, mas algumas pessoas podem ter dor por NPH por anos. A dor persistente devido ao Herpes Zóster é um sintoma comum em pessoas com mais de 60 anos. Na verdade, um em cada seis pessoas com mais de 60 anos que contraem Herpes Zóster terá dor intensa. À medida que as pessoas envelhecem, elas têm maior probabilidade de desenvolver dor crônica como complicação do Herpes Zóster, e a dor tende a ser mais severa.

**Outras Complicações**
O Herpes Zóster também pode levar a outras complicações graves:
*   Erupções que começam no rosto ou nos olhos podem causar problemas de visão ou audição. Até a cegueira permanente pode resultar se a córnea do olho for afetada.
*   Infecção bacteriana das feridas abertas pode levar a cicatrizes.
*   Em um número muito pequeno de casos, bactérias podem causar condições mais graves, incluindo choque tóxico e fascíite necrosante, uma infecção grave que destrói o tecido mole sob a pele.
*   As ondas de dor ardente, a perda de sono e a interferência até mesmo em atividades básicas da vida podem causar depressão grave.
*   Em pacientes com imunodeficiência, a erupção pode ser muito mais extensa que o normal e a doença pode ser complicada por pneumonia. Esses casos são mais graves, mas raramente fatais.
*   Muito raramente, o Herpes Zóster também pode levar a pneumonia, inflamação cerebral (encefalite) ou morte.

**Herpes Zóster Geralmente Não Retorna**
As pessoas que desenvolvem Herpes Zóster geralmente têm apenas um episódio em sua vida. No entanto, uma pessoa pode ter um segundo ou até um terceiro episódio.

**A Vacina contra Herpes Zóster**
Adultos com 60 anos ou mais devem conversar com seu profissional de saúde sobre receber uma dose única da vacina contra Herpes Zóster. A vacina pode reduzir seu risco de Herpes Zóster e a dor crônica que ele pode causar. Se você já teve Herpes Zóster ou tem uma condição médica crônica, você pode receber a vacina.

**O Herpes Zóster é Contagioso?**
O Herpes Zóster não pode ser transmitido de uma pessoa para outra. No entanto, o vírus que causa o Herpes Zóster, o vírus varicela-zóster, pode ser transmitido de uma pessoa com Herpes Zóster ativo para outra pessoa que nunca teve catapora. Nesses casos, a pessoa exposta ao vírus pode desenvolver catapora, mas não desenvolverá Herpes Zóster. O vírus é transmitido por contato direto com o fluido das bolhas da erupção causada pelo Herpes Zóster. Uma pessoa com Herpes Zóster ativo pode espalhar o vírus quando a erupção estiver na fase de bolhas. Uma pessoa não é infecciosa antes do aparecimento das bolhas. Assim que a erupção forma crostas, a pessoa não é mais contagiosa. O Herpes Zóster é menos contagioso que a catapora e o risco de uma pessoa com Herpes Zóster espalhar o vírus é baixo se a erupção estiver coberta.

**O que Fazer se Você Tiver Herpes Zóster**
Se você tiver Herpes Zóster:
*   Mantenha a erupção coberta.
*   Evite tocar ou coçar a erupção.
*   Lave as mãos frequentemente para prevenir a disseminação do vírus varicela-zóster.
Não entre em contato com:
*   Gestantes que nunca tiveram catapora ou vacina contra catapora.
*   Recém-nascidos prematuros ou de baixo peso.
*   Pessoas com sistemas imunológicos enfraquecidos, como pessoas que recebem medicamentos imunossupressores ou estão passando por quimioterapia, receptores de transplante de órgãos e pessoas com infecção pelo vírus da imunodeficiência humana (HIV).
Se você nunca teve catapora e entra em contato com alguém que tem Herpes Zóster, pergunte ao seu profissional de saúde se você deve receber uma vacinação contra catapora.","Herpes zóster, também conhecido como shingles, é uma infecção viral causada pelo vírus varicela-zóster (VZV). É uma doença crônica que afeta os nervos e pode causar dor intensa, bolhas e lesões na pele.

O VZV é o mesmo vírus que causa a varicela (varíola), uma infecção viral comum em crianças e adolescentes. No entanto, após a recuperação da varicela, o vírus pode permanecer ativo no sistema nervoso e se reativar anos depois, causando shingles.

Os sintomas do herpes zóster incluem:

* Dor intensa e aguda na pele, geralmente em um lado do corpo
* Bolhas ou lesões que se desenvolvem na área afetada
* Coceira e vermelhidão ao redor das bolhas
* Febre e fadiga

O herpes zóster é mais comum em pessoas idosas, especialmente aqueles acima de 50 anos. Além disso, as pessoas que tiveram varicela na infância ou adolescência têm um risco maior de desenvolver shingles.

A causa exata do reativo do VZV não é conhecida, mas fatores como:

* Idade
* Doença imunológica crônica
* Exposição a estresse
* Fatores genéticos

pode contribuir para o desenvolvimento do herpes zóster.

O tratamento do herpes zóster geralmente envolve medicamentos antivirais, como aciclovir, valaciclovir ou famciclovir, que ajudam a reduzir a duração e a gravidade da doença. Além disso, o uso de medicamentos anti-inflamatórios pode ajudar a aliviar a dor e a coceira.

É importante consultar um médico para um diagnóstico e tratamento adequados, pois o herpes zóster pode ser confundido com outras condições."
Você tem informações sobre procedimentos de Ablação Cardíaca (Também chamados de: Ablação por Cateter; Ablação por Cateter Radiofrequência; Crioablação)?,"Resumo: A ablação cardíaca é um procedimento utilizado para criar pequenas cicatrizes em áreas do coração que podem estar envolvidas em problemas de ritmo cardíaco. Isso pode impedir que sinais ou ritmos elétricos anormais se propaguem pelo coração. Durante o procedimento, pequenos fios chamados eletrodos são inseridos no coração para medir a atividade elétrica cardíaca. Quando a fonte do problema é localizada, o tecido que causa o problema é destruído.

Descrição: Existem dois métodos para realizar a ablação cardíaca:
- A ablação por radiofrequência utiliza energia de calor para eliminar a área problemática.
- A crioablação utiliza temperaturas muito baixas.
O tipo de procedimento será determinado pelo tipo de arritmia cardíaca que você apresenta. Os procedimentos de ablação cardíaca são realizados em um laboratório hospitalar por equipe treinada. Isso inclui cardiologistas (médicos do coração), técnicos e enfermeiros. O ambiente é seguro e controlado para que seu risco seja o mais baixo possível. Você receberá medicamentos (um sedativo) antes do procedimento para ajudar no relaxamento.
- A pele do pescoço, braço ou virilha será bem limpa e anestesiada.
- Em seguida, o médico fará um pequeno corte na pele.
- Um tubo pequeno e flexível (cateter) será inserido por esse corte em uma das veias da área. O médico usará imagens de raio-X em tempo real para guiar cuidadosamente o cateter até o coração.
Uma vez que o cateter está no lugar, seu médico posicionará pequenos eletrodos em diferentes áreas do coração.
- Esses eletrodos são conectados a monitores que permitem ao cardiologista identificar qual área do coração está causando problemas no ritmo cardíaco. Na maioria dos casos, há uma ou mais áreas específicas.
- Depois que a fonte do problema é encontrada, uma das linhas do cateter é usada para enviar energia elétrica (ou, às vezes, fria) para a área problemática.
- Isso cria uma pequena cicatriz que faz com que o problema do ritmo cardíaco pare.
A ablação por cateter é um procedimento longo. Pode durar 4 horas ou mais. Durante o procedimento, seu coração será monitorado de perto. Um profissional de saúde pode perguntar se você está sentindo sintomas em diferentes momentos. Os sintomas que você pode sentir são:
- Uma queimação breve quando os medicamentos são injetados.
- Um batimento cardíaco mais rápido ou mais forte.
- Tontura.
- Queimação quando a energia elétrica é utilizada.

Por que o Procedimento é Realizado: A ablação cardíaca é usada para tratar certos problemas de ritmo cardíaco que os medicamentos não estão controlando. Esses problemas podem ser perigosos se não forem tratados. Sintomas comuns de problemas de ritmo cardíaco podem incluir:
- Dor no peito.
- Desmaio.
- Batimento cardíaco lento ou rápido (palpitações).
- Tontura, vertigem.
- Palidez.
- Falta de ar.
- Batimentos perdidos.
- Alterações no padrão do pulso.
- Suor.
Alguns problemas de ritmo cardíaco são:
- Taquicardia por reentrada nodal AV (AVNRT).
- Vias acessórias, como a Síndrome de Wolff-Parkinson-White.
- Fibrilação atrial e flutter atrial.
- Taquicardia ventricular.

Riscos: A ablação por cateter é geralmente segura. Converse com seu médico sobre estas raras complicações:
- Sangramento ou acúmulo de sangue onde o cateter foi inserido.
- Coágulo sanguíneo que vai para as artérias da perna, coração ou cérebro.
- Dano à artéria onde o cateter foi inserido.
- Dano às válvulas cardíacas.
- Dano às artérias coronárias (vasos sanguíneos que levam sangue ao coração).
- Fístula atrioesofágica (uma conexão que se forma entre o esôfago e parte do coração).
- Fluido ao redor do coração (tamponamento cardíaco).
- Ataque cardíaco.
- Dano ao nervo vago ou frênico.

Antes do Procedimento: Informe sempre ao seu médico quais medicamentos você está tomando, mesmo medicamentos ou ervas que você comprou sem receita. Nos dias que antecedem o procedimento:
- Pergunte ao seu médico quais medicamentos você ainda deve tomar no dia da cirurgia.
- Informe ao seu médico se você está tomando aspirina, clopidogrel (Plavix), prasugrel (Effient), ticagrelor (Brilinta), varfarina (Coumadin) ou outro anticoagulante.
- Se você fuma, pare antes do procedimento. Peça ajuda ao seu médico se precisar.
- Informe ao seu médico se você tem resfriado, gripe, febre, surto de herpes ou outra doença.
No dia do procedimento:
- Na maioria das vezes, será solicitado que você não coma nem beba nada após a meia-noite da noite anterior ao procedimento.
- Tome os medicamentos que seu médico instruiu com um pequeno gole de água.
- Você será informado sobre o horário de chegada ao hospital.

Após o Procedimento: É aplicada pressão na área onde os cateteres foram inseridos no corpo. Você será mantido de cama por pelo menos 1 hora. Pode ser necessário permanecer de cama por até 5 ou 6 horas. Seu ritmo cardíaco será verificado durante esse tempo. Seu médico decidirá se você pode ir para casa no mesmo dia ou se precisará passar a noite no hospital para monitoramento cardíaco contínuo. Você precisará de alguém para levá-lo para casa após o procedimento. Nos 2 ou 3 dias após o procedimento, você pode apresentar estes sintomas:
- Fadiga.
- Sensação de dor no peito.
- Batimentos cardíacos perdidos, ou momentos em que seu batimento cardíaco está muito rápido ou irregular.
Seu médico pode mantê-lo em seus medicamentos ou dar novos medicamentos que ajudem a controlar seu ritmo cardíaco.

Prognóstico: As taxas de sucesso variam dependendo do tipo de problema de ritmo cardíaco que está sendo tratado.","Sim, posso fornecer informações gerais sobre a ablazione cardíaca. A ablación cardíaca é um procedimento médico que visa eliminar ou reduzir a atividade elétrica anormal do coração, com o objetivo de tratar distúrbios do ritmo cardíaco, como arritmias.

**Tipos de Ablação Cardíaca:**

1. **Ablação por Cateter**: É o método mais comum e amplamente utilizado. O procedimento envolve a inserção de um cateter (uma caneta fina) através de uma veia no braço até chegar ao coração. O cateter é equipado com um agulha que gera ondas de rádio para criar uma lesão no tecido cardíaco, interrompendo a condução elétrica anormal.
2. **Ablação por Cateter Radiofrequência**: É uma variante da ablación por cateter, onde o cateter é equipado com um sistema de geração de rádio que gera ondas de rádio para criar a lesão no tecido cardíaco.

**Procedimento:**

1. O paciente é submetido a exames pré-procedimentais, incluindo testes de eletrocardiografia (ECG) e ecocardiograma.
2. O procedimento é realizado sob anestesia local ou generalizada, dependendo da complexidade do caso.
3. O cateter é inserido no coração e posicionado na região desejada para a ablación.
4. O sistema de geração de rádio é ativado, criando a lesão no tecido cardíaco.
5. O procedimento pode ser realizado em várias sessões, dependendo da complexidade do caso.

**Indicações:**

A ablazione cardíaca é indicada para tratar distúrbios do ritmo cardíaco, incluindo:

* Arritmias ventriculares
* Arritmias supraventriculares
* Síndrome de fibrilação auricular (Fibra)
* Síndrome de taquicardia atrial (Tachicardia)

**Riscos e Efeitos Colaterais:**

Como qualquer procedimento médico, a ablación cardíaca envolve riscos e efeitos colaterais, incluindo:

* Infecção
* Bleeding ou hemorragia
* Dano ao tecido cardíaco
* Aumento da pressão arterial
* Alterações no ritmo cardíaco

É importante notar que a ablación cardíaca não é indicada para todos os casos de arritmias e deve ser discutida com um cardiologista especializado."
O que é Diabetes?,"Diabetes é o termo que indica que o nível de glicose no sangue está muito alto. O sangue sempre contém alguma glicose porque o corpo precisa dela como energia para funcionar. No entanto, ter excesso de glicose no sangue não é saudável. A glicose vem dos alimentos que você come e também é produzida no fígado e nos músculos. O sangue transporta essa glicose para todas as células do corpo. A insulina é um hormônio produzido pelo pâncreas. O pâncreas libera a insulina na corrente sanguínea. A insulina ajuda a glicose dos alimentos a entrar nas células. Se o corpo não produzir insulina suficiente ou se a insulina não funcionar corretamente, a glicose não consegue entrar nas células. Ela permanece no sangue. Assim, o nível de glicose no sangue aumenta, causando pré-diabetes ou diabetes.

Tipos de Diabetes
Existem três tipos principais de diabetes: tipo 1, tipo 2 e diabetes gestacional. O resultado do diabetes tipo 1 e tipo 2 é o mesmo: a glicose se acumula no sangue, enquanto as células ficam privadas de energia. Com o tempo, o alto nível de glicose no sangue danifica nervos e vasos sanguíneos, levando frequentemente a complicações como doenças cardíacas, acidentes vasculares cerebrais (AVC), cegueira, doenças renais, problemas nervosos, infecções gengivais e amputações.

Diabetes Tipo 1
O diabetes tipo 1, que antes era chamado de diabetes juvenil ou diabetes dependente de insulina, desenvolve-se mais frequentemente em jovens, mas também pode ocorrer em adultos. Neste tipo de diabetes, o corpo não produz mais insulina ou não produz insulina suficiente porque o sistema imunológico atacou e destruiu as células produtoras de insulina. Cerca de 5 a 10% das pessoas com diabetes têm tipo 1. Para sobreviver, as pessoas com diabetes tipo 1 precisam receber insulina por injeção ou bomba.

Diabetes Tipo 2
O diabetes tipo 2, que antes era chamado de diabetes de início na idade adulta ou não dependente de insulina, é a forma mais comum de diabetes. Embora as pessoas possam desenvolver diabetes tipo 2 em qualquer idade — até mesmo na infância —, ele se desenvolve mais frequentemente em pessoas de meia-idade e mais velhas. O diabetes tipo 2 geralmente começa com resistência à insulina, uma condição que ocorre quando as células de gordura, músculo e fígado não utilizam a insulina para transportar a glicose para as células do corpo para uso energético. Como resultado, o corpo precisa de mais insulina para ajudar a glicose a entrar nas células. Inicialmente, o pâncreas acompanha essa demanda adicional produzindo mais insulina. Com o tempo, o pâncreas não produz insulina suficiente quando os níveis de açúcar no sangue aumentam, como após as refeições. Se o pâncreas não conseguir mais produzir insulina suficiente, será necessário tratar o diabetes tipo 2.

Diabetes Gestacional
Algumas mulheres desenvolvem diabetes gestacional durante os estágios finais da gravidez. O diabetes gestacional é causado pelos hormônios da gravidez ou por uma deficiência de insulina. Embora esta forma de diabetes geralmente desapareça após o nascimento do bebê, uma mulher que teve e cujo filho tiveram diabetes estão mais propensas a desenvolver diabetes mais tarde na vida.

Pré-diabetes
Pré-diabetes significa que seus níveis de glicose no sangue estão mais altos que o normal, mas não altos o suficiente para um diagnóstico de diabetes. Pessoas com pré-diabetes têm um risco aumentado de desenvolver diabetes tipo 2 e doenças cardíacas e AVC. A boa notícia é que, se você tem pré-diabetes, pode reduzir seu risco de desenvolver diabetes tipo 2. Com perda de peso moderada e atividade física regular, é possível atrasar ou prevenir o diabetes tipo 2.

Sinais de Diabetes
Muitas pessoas com diabetes apresentam um ou mais sintomas, incluindo sede ou fome extremas, necessidade frequente de urinar e/ou fadiga. Algumas perdem peso sem tentar. Outros sinais incluem feridas que cicatrizam lentamente, pele seca e com coceira, perda de sensibilidade ou formigamento nos pés e visão embaçada. No entanto, algumas pessoas com diabetes não apresentam sintomas.

Quantas Pessoas Têm Diabetes?
Segundo estimativas de 2014 do Centers for Disease Control and Prevention (CDC), quase 29 milhões de americanos com 20 anos ou mais (12,3% de todas as pessoas nesta faixa etária) têm diabetes. Cerca de 1,9 milhão de pessoas com 20 anos ou mais foram diagnosticadas com diabetes apenas em 2010. As pessoas podem desenvolver diabetes em qualquer idade, mas o risco aumenta com o envelhecimento. Em 2014, mais de 11 milhões de adultos mais velhos vivendo nos EUA — quase 26% das pessoas com 65 anos ou mais — tinham diabetes.

Se o Diabetes Não For Controlado
O diabetes é uma doença muito séria. Com o tempo, o diabetes mal controlado causa danos graves aos olhos, rins, nervos, coração, gengivas e dentes. Se você tem diabetes, é mais provável que tenha doenças cardíacas ou um AVC do que pessoas sem diabetes. Pessoas com diabetes também tendem a desenvolver doenças cardíacas ou AVC em idade mais precoce do que outras. A melhor maneira de se proteger das complicações graves do diabetes é controlar sua glicose no sangue, pressão arterial e colesterol, e evitar fumar. Não é sempre fácil, mas as pessoas que fazem um esforço contínuo para controlar o diabetes podem melhorar muito sua saúde geral.","Diabetes é uma condição crônica caracterizada pela presença de elevados níveis de açúcar (glucose) no sangue. Isso ocorre quando o corpo não consegue regular a quantidade de insulina, um hormônio produzido pelas células do pâncreas que ajuda a regular os níveis de açúcar no sangue.

Existem três principais tipos de diabetes:

1. **Diabetes Tipo 1**: uma condição autoimune em que o corpo não produz insulina, necessitando de injeções ou infusão de insulina para sobreviver.
2. **Diabetes Tipo 2**: a forma mais comum de diabetes, caracterizada pela resistência à insulina e/ou por uma produção inadequada de insulina pelo pâncreas. Pode ser tratado com dieta, exercícios, medicamentos e, em alguns casos, injeções de insulina.
3. **Diabetes Gestacional**: ocorre durante a gravidez, quando o corpo não consegue regular os níveis de açúcar no sangue devido às mudanças hormonais.

A diabetes pode ter consequências graves se não for tratada adequadamente, como danos aos rins, olhos e nervos. Portanto, é fundamental que as pessoas com diabetes sigam um plano de tratamento personalizado e realizem controles regulares para manter os níveis de açúcar no sangue dentro do normal.

Se você tem diabetes ou está com risco de desenvolver a doença, é importante consultar um médico para obter orientações específicas sobre como gerenciar a condição."
Quais são os nomes comerciais de Metilprednisolona Oral?-----,- Medrol),"A metilprednisolona oral é um medicamento corticosteroide utilizado para tratar várias condições, incluindo doenças autoimunes e reações alérgicas. Os nomes comerciais mais comuns de metilprednisolona oral no Brasil são:

1. Prednisona
2. Meticortelone
3. Deltormina

Esses medicamentos podem ter nomes comerciais diferentes em outros países ou regiões. É importante lembrar que a escolha do medicamento e a dose devem ser feitas por um profissional de saúde, como um médico, que avaliará a condição específica do paciente e prescreverá o medicamento mais adequado."
Quais são os nomes comerciais de Methylprednisolone Sodium Succinate Injection?,- A-methaPred - Depo-Medrol - Solu-Medrol,"O Methylprednisolone Sodium Succinate Injection é comercializado sob vários nomes, incluindo:

- Depo-Medrol
- Mephenonate
- Methylprednisolona Sódica Injeção
- Solu-Depo Medrol 

Esses nomes podem variar de acordo com o país e a região."
O que fazer para secreção no ouvido? (Também chamado de: Drenagem do ouvido; Otorreia; Sangramento no ouvido; Sangramento do ouvido),O cuidado com a secreção no ouvido em casa depende da causa.,"A secreção no ouvido, também conhecida como drenagem do ouvido, otorreia, sangramento no ouvido ou sangramento do ouvido, pode ser causada por várias razões. É importante lembrar que, em alguns casos, é necessário consultar um médico para uma avaliação e tratamento adequados.

Aqui estão algumas possíveis causas e soluções para a secreção no ouvido:

**Causas comuns:**

1. **Otitis media**: Infecção do meio do ouvido que pode causar secreção, dor e febre.
2. **Allergias**: Reações alérgicas podem causar inflamação e secreção no ouvido.
3. **Resfriado ou gripe**: Viruses como o resfriado comum ou a gripe podem causar secreção no ouvido.
4. **Trauma ao ouvido**: Lesões ou contusões no ouvido podem causar sangramento e secreção.

**Soluções caseiras:**

1. **Limpeza do ouvido**: Use um pano úmido para limpar o ouvido, evitando usar objetos pontiagudos ou rígidos.
2. **Aquecimento**: Aquecer o ouvido com um banho quente ou uma compressa quente pode ajudar a aliviar a secreção.
3. **Uso de desinfetantes**: Desinfetar o ouvido com um desinfetante tópico, como álcool ou eucalipto, pode ajudar a reduzir a inflamação.
4. **Repouso**: Repousar o ouvido e evitar falar ou fazer barulhos para não piorar a secreção.

**Cuidados médicos:**

1. **Consulte um médico**: Se a secreção for severa, persistente ou acompanhada de febre, dor ou outros sintomas, é importante consultar um médico.
2. **Antibióticos**: Se a otitis media for diagnosticada, o médico pode prescrever antibióticos para tratar a infecção.
3. **Tambor de gás**: Em alguns casos, um tambor de gás pode ser injetado no ouvido para ajudar a drenar a secreção.

**Prevenção:**

1. **Mantenha o ouvido limpo**: Limpe o ouvido regularmente com um pano úmido.
2. **Evite falar em voz alta**: Evite falar em voz alta ou fazer barulhos para não piorar a secreção.
3. **Use protetores auditivos**: Use protetores auditivos quando estiver exposto a ruídos altos.

Lembre-se de que, se a secreção no ouvido for severa ou persistente, é importante consultar um médico para uma avaliação e tratamento adequados."
Qual é o prognóstico para a Trissomia 13? (Também chamado de: Síndrome de Patau),Mais de 90% das crianças com trissomia 13 morrem no primeiro ano.,"A Trissomia 13, também conhecida como síndrome de Patau, é uma condição genética que ocorre quando há um extra de cópia do cromossomo 13 em cada célula do corpo. Esse cromossomo contém genes importantes para o desenvolvimento e a função normal das células.

O prognóstico para a Trissomia 13 varia amplamente dependendo da gravidade da condição, do nível de desenvolvimento do bebê no momento da diagnóstico e da qualidade dos cuidados médicos disponíveis. Aqui estão algumas informações gerais sobre o prognóstico:

**Gravidez e nascimento:**

* A maioria das crianças com Trissomia 13 não sobrevivem à gravidez ou nasce com deficiências graves.
* Se a condição for detectada durante a gravidez, muitas vezes é recomendado o aborto espontâneo ou a interrupção da gravidez.

**Crianças que sobrevivem:**

* As crianças que sobrevivem à infância com Trissomia 13 geralmente apresentam deficiências físicas e/ou mentais graves, como:
	+ Deficiência intelectual
	+ Problemas de desenvolvimento motor
	+ Deficiência auditiva ou visual
	+ Problemas cardíacos
* A expectativa de vida média para crianças com Trissomia 13 é de cerca de 2-5 anos, embora algumas pessoas possam viver mais tempo com apoio adequado.

**Tratamento e apoio:**

* O tratamento para a Trissomia 13 é focado no manejo de complicações individuais e na promoção do bem-estar geral.
* O apoio de equipes multidisciplinares, incluindo médicos pediatras, psicólogos, fisioterapeutas e outros profissionais, é essencial para ajudar as crianças a alcançar o máximo potencial.

É importante notar que cada caso de Trissomia 13 é único, e o prognóstico pode variar significativamente dependendo das circunstâncias individuais. Além disso, com avanços em medicina e tecnologia, é possível que o prognóstico para algumas crianças com essa condição melhore ao longo do tempo."
O que é secreção de ouvido? (Também chamado de: Drenagem do ouvido; Otorreia; Sangramento de ouvido; Sangramento pelo ouvido),"Secreção de ouvido é o escoamento de sangue, cera de ouvido, pus ou fluido do ouvido.","A secreção de ouvido, também conhecida como drenagem do ouvido, otorreia, sangramento de ouvido ou sangramento pelo ouvido, é uma condição comum que ocorre quando há uma liberação excessiva de fluido no ouvido médio. 

É causada por uma combinação de fatores, incluindo:

-   Infeções virais ou bacterianas
-   Infecções do ouvido médio
-   Lesões ao ouvido
-   Problemas de equilíbrio
-   Condições como o resfriado comum

A secreção de ouvido pode causar sintomas como:

-   Dor no ouvido
-   Sensação de pressão no ouvido
-   Perda auditiva temporária
-   Vertigem"
Como diagnosticar paralisia do sono isolada? (Também chamado de: Paralisia do sono - isolada; Parasônia - paralisia do sono isolada),"A paralisia do sono pode ser um sintoma da narcolepsia. Mas se você não tiver outros sintomas de narcolepsia, geralmente não há necessidade de realizar estudos do sono.","A paralisia do sono isolada, também conhecida como parasônia ou paralisia do sono isolada, é um distúrbio neurológico que afeta a capacidade de controlar os músculos durante o sono. Aqui estão os passos para diagnosticar essa condição:

1. **Histórico clínico**: O médico realizará uma entrevista detalhada com o paciente para entender a história clínica, incluindo sintomas, duração e frequência dos episódios de paralisia do sono.
2. **Exame físico**: O médico realizará um exame físico completo para avaliar a função muscular, reflexos e outros sinais neurológicos.
3. **Questionário de parasônia**: O médico pode utilizar questionários específicos para avaliar a frequência, duração e impacto da paralisia do sono no dia a dia do paciente.
4. **Exame de imagem**: Em alguns casos, o médico pode recomendar exames de imagem, como:
	* Resonância Magnética (RM) ou Tomografia Computadorizada (TC) para avaliar a estrutura cerebral e identificar possíveis causas subjacentes, como lesões cerebrais ou doenças degenerativas.
5. **Testes neurológicos**: O médico pode realizar testes neurológicos, como:
	* Teste de reflexos: para avaliar a resposta dos músculos aos estímulos.
	* Teste de força muscular: para avaliar a força dos músculos.
6. **Avaliação da função cognitiva**: O médico pode avaliar a função cognitiva do paciente, incluindo testes de memória, atenção e processamento cognitivo.

**Causas possíveis**:

* Lesões cerebrais
* Doenças degenerativas (como a doença de Parkinson ou a esclerose múltipla)
* Distúrbios do sono (como a apneia do sono ou o insomnia)
* Medicamentos (como os sedativos hipoconjugantes)
* Substâncias abusivas
* Condições médicas subjacentes (como a hipertensão ou a diabetes)

**Diagnóstico diferencial**:

* Paralisia cerebral
* Distúrbios do sono
* Lesões cerebrais
* Doenças degenerativas

**Tratamento**:

O tratamento para a paralisia do sono isolada depende da causa subjacente e pode incluir:

* Terapia cognitivo-comportamental (TCC) para gerenciar os sintomas de sono
* Medicamentos para ajudar a controlar os sintomas de sono, como sedativos hipoconjugantes ou estimulantes do sistema nervoso central
* Ajustes no ambiente de trabalho ou em casa para melhorar a qualidade do sono
* Exercícios físicos regulares para melhorar a função muscular e reduzir o estresse

É importante lembrar que o diagnóstico e o tratamento devem ser feitos por um médico especializado, como um neurologista ou um médico de clínica geral com experiência em distúrbios do sono."
Quais são os efeitos colaterais ou riscos da Metadona?,"A Metadona pode causar efeitos colaterais. Informe ao seu médico se algum destes sintomas for grave ou não desaparecer: - fraqueza - dor de cabeça - náuseas - vômitos - perda de apetite - ganho de peso - dor de estômago - boca seca - língua dolorida - suor - rubor facial - dificuldade para urinar - alterações de humor - problemas de visão - dificuldade para adormecer ou manter o sono - diminuição do desejo ou capacidade sexual - períodos menstruais perdidos Alguns efeitos colaterais podem ser graves. Se você apresentar algum dos seguintes sintomas ou aqueles mencionados na seção DE ALERTA IMPORTANTE, ligue para seu médico imediatamente ou procure ajuda médica de emergência: - convulsões - coceira - urticária - erupção cutânea - inchaço dos olhos, rosto, boca, língua ou garganta - rouquidão - dificuldade para respirar ou engolir - sonolência extrema - alucinar (ver ou ouvir coisas que não existem) A Metadona pode causar outros efeitos colaterais. Ligue para seu médico se tiver qualquer problema incomum enquanto estiver tomando este medicamento.","A metadona é um medicamento utilizado no tratamento da dependência química a opioides, incluindo heroína, cocaína e outras substâncias. Embora seja eficaz na redução dos sintomas de abstinência e na manutenção do paciente no programa de reabilitação, a metadona também pode causar vários efeitos colaterais e riscos.

Efeitos colaterais comuns:

1. **Nausea e vômito**: A metadona pode causar náuseas e vômito, especialmente quando iniciada o tratamento.
2. **Dor de cabeça**: Dolor de cabeça é um dos efeitos colaterais mais comuns da metadona.
3. **Tontura**: A tontura pode ocorrer, especialmente quando a dose é aumentada ou diminuída.
4. **Sedação**: A metadona pode causar sedação e fadiga.
5. **Perda de apetite**: A perda de apetite é um efeito colateral comum da metadona.

Efeitos colaterais menos comuns, mas graves:

1. **Overdose**: A metadona pode causar overdose, especialmente quando combinada com outras substâncias.
2. **Dependência**: Embora seja utilizado para tratar a dependência química, a metadona também pode causar dependência física e psicológica.
3. **Problemas cardíacos**: A metadona pode aumentar a pressão arterial e causar problemas cardíacos, especialmente em pacientes com doenças cardíacas pré-existentes.
4. **Problemas respiratórios**: A metadona pode causar problemas respiratórios, incluindo pneumonia e insuficiência respiratória.
5. **Efeitos psicológicos**: A metadona pode causar efeitos psicológicos, como ansiedade, depressão e paranoia.

Riscos de abuso e dependência:

1. **Abuso de metadona**: A metadona pode ser abusada, especialmente em pacientes com histórico de dependência química.
2. **Dependência física**: A metadona pode causar dependência física, o que pode levar a sintomas de abstinência quando a dose é reduzida ou interrompida.

É importante lembrar que a metadona deve ser prescrita e monitorada por um médico qualificado, que pode ajustar a dose e monitorar os efeitos colaterais para garantir o tratamento seguro e eficaz."
O que é a síndrome de Beckwith-Wiedemann? (Também chamada de: BWS; síndrome de Wiedemann-Beckwith (WBS)),"A síndrome de Beckwith-Wiedemann é uma condição que afeta diversas partes do corpo. Ela é classificada como uma síndrome de crescimento excessivo, o que significa que os bebês afetados são consideravelmente maiores que o normal (macrosomia) e tendem a ser mais altos que seus pares durante a infância. O crescimento começa a desacelerar por volta dos 8 anos, e os adultos com esta condição não são anormalmente altos. Em algumas crianças com síndrome de Beckwith-Wiedemann, partes específicas do corpo, em um ou outro lado, podem crescer anormalmente grandes, levando a uma aparência assimétrica ou irregular. Este padrão de crescimento incomum, conhecido como hemihiperplasia, geralmente se torna menos aparente com o tempo.

Os sinais e sintomas da síndrome de Beckwith-Wiedemann variam entre os indivíduos afetados. Algumas crianças com esta condição nascem com uma abertura na parede abdominal (onfalocele) que permite que os órgãos abdominais projetem-se através do umbigo. Outros defeitos da parede abdominal, como um abaulamento mole ao redor do umbigo (hérnia umbilical), também são comuns. Alguns bebês com síndrome de Beckwith-Wiedemann apresentam uma língua anormalmente grande (macroglossia), o que pode interferir na respiração, deglutição e fala. Outras características importantes desta condição incluem órgãos abdominais anormalmente grandes (visceromegalia), pregas ou depressões na pele perto das orelhas, hipoglicemia na infância e anormalidades renais.

Crianças com síndrome de Beckwith-Wiedemann têm um risco aumentado de desenvolver vários tipos de tumores cancerosos e não cancerosos, particularmente um tipo de câncer renal chamado tumor de Wilms e um tipo de câncer hepático chamado hepatoblastoma. Os tumores se desenvolvem em cerca de 10% das pessoas com esta condição e quase sempre aparecem na infância.

A maioria das crianças e adultos com síndrome de Beckwith-Wiedemann não apresenta problemas médicos graves associados à condição. Sua expectativa de vida geralmente é normal.","A Síndrome de Beckwith-Wiedemann (SBW), também conhecida como Síndrome de Wiedemann-Beckwith ou Síndrome de Beckwith-Wiedemann Syndrome (BWS), é uma condição rara e complexa que afeta o desenvolvimento de crianças. É uma das síndromes de crescimento excessivo, junto com a síndrome de Sotos e a síndrome de Prader-Willi.

A SBW é caracterizada por um conjunto de características físicas e clínicas que podem variar em gravidade e incluem:

1. **Crescimento excessivo**: Crianças com SBW tendem a crescer mais rápido do que o normal, especialmente nos primeiros anos de vida.
2. **Aumento do peso**: O peso corporal é frequentemente maior do que o esperado para a idade e o sexo.
3. **Macrosefalia**: Um crânio grande em relação ao corpo.
4. **Olhos protuberantes**: Os olhos podem ser mais largos ou mais próximos uns dos outros.
5. **Nasais e lábios protratados**: Os narizes e lábios podem estar mais longos do que o normal.
6. **Hiperinsulinemia**: Níveis elevados de insulina no sangue, o que pode levar a diabetes tipo 2.
7. **Câncer**: Crianças com SBW têm um risco aumentado de desenvolver cânceres, especialmente os do fígado e da medula óssea.

A causa exata da SBW ainda não foi completamente compreendida, mas é acredita que seja relacionada a uma alteração no genoma, possivelmente em genes que regulam o crescimento e o desenvolvimento. A síndrome também pode ser associada a outras condições, como a síndrome de Prader-Willi.

O tratamento da SBW depende das características individuais da criança e pode incluir:

* Monitoramento regular para controlar o crescimento excessivo e o peso.
* Tratamento para a diabetes tipo 2, se necessário.
* Exames regulares para detectar câncer precocemente.

É importante notar que cada caso de SBW é único e que o tratamento deve ser personalizado para atender às necessidades específicas da criança."
O que é o síndrome antifosfolípide? (Também chamado de: síndrome antifosfolípide; síndrome de anticorpos antifosfolípides; síndrome de Hughes),"O síndrome antifosfolípide é um distúrbio caracterizado por uma tendência aumentada de formar coágulos sanguíneos anormais (tromboses) que podem obstruir os vasos sanguíneos. Essa tendência de coagulação é conhecida como trombofilia. No síndrome antifosfolípide, as tromboses podem se desenvolver em quase qualquer vaso sanguíneo do corpo, mas ocorrem com mais frequência nos vasos dos membros inferiores. Se um coágulo se formar nos vasos do cérebro, o fluxo sanguíneo é prejudicado e pode levar a um acidente vascular cerebral (AVC). O síndrome antifosfolípide é um distúrbio autoimune. Distúrbios autoimunes ocorrem quando o sistema imunológico ataca os próprios tecidos e órgãos do corpo. Mulheres com síndrome antifosfolípide correm maior risco de complicações durante a gravidez. Essas complicações incluem hipertensão arterial induzida pela gravidez (pré-eclâmpsia), insuficiência placentária, parto prematuro ou perda gestacional (aborto). Além disso, mulheres com síndrome antifosfolípide têm maior risco de desenvolver trombose durante a gravidez do que em outros momentos de suas vidas. Ao nascer, os bebês de mães com síndrome antifosfolípide podem ser pequenos e com baixo peso. Uma trombose ou complicação gestacional é tipicamente o primeiro sinal do síndrome antifosfolípide. Esta condição geralmente aparece no início ou meio da idade adulta, mas pode começar em qualquer idade. Outros sinais e sintomas do síndrome antifosfolípide que afetam as células e os vasos sanguíneos incluem uma redução na quantidade de células de coagulação chamadas plaquetas (trombocitopenia), uma escassez de glóbulos vermelhos (anemia) devido à sua destruição prematura (hemólise) e uma descoloração arroxeada da pele (livedo reticularis) causada por anormalidades nos pequenos vasos sanguíneos da pele. Além disso, os indivíduos afetados podem apresentar feridas abertas (úlceras) na pele, enxaquecas, doenças cardíacas ou deficiência intelectual. Muitas pessoas com síndrome antifosfolípide também apresentam outros distúrbios autoimunes, como o lúpus eritematoso sistêmico. Raramente, as pessoas com síndrome antifosfolípide desenvolvem tromboses em múltiplos vasos sanguíneos por todo o corpo. Essas tromboses bloqueiam o fluxo sanguíneo nos órgãos afetados, o que prejudica sua função e, eventualmente, causa falência de órgãos. Esses indivíduos são considerados com síndrome antifosfolípide catastrófica (CAPS). A CAPS tipicamente afeta os rins, pulmões, cérebro, coração e fígado, e é fatal em mais da metade dos indivíduos afetados. Menos de 1% dos indivíduos com síndrome antifosfolípide desenvolvem CAPS.","O síndrome antifosfolípide é uma doença autoimune que afeta a pele, os órgãos internos e o sistema nervoso. É caracterizada pela presença de anticorpos antifosfolípides (aPF), que são proteínas presentes nas células do corpo.

A síndrome antifosfolípide é uma entidade clínica heterogênea, com apresentações variadas e sintomas que podem incluir:

*   Dermatologia: erupções cutâneas, como lesões vasculares, nodulos, papulas, plaquas e pústulas.
*   Síndrome de lupus eritematoso sistêmico (LES): inflamação em várias partes do corpo, incluindo os pulmões, o coração, a pele, os olhos, os rins e os vasos sanguíneos.
*   Artrite reumatoide: inflamação nos articulações.
*   Síndrome de Sjögren: inflamação nos glandes salivares e lacrimais.

A síndrome antifosfolípide é mais comum em mulheres, especialmente entre os 20 e 40 anos. A causa exata da doença não foi identificada, mas acredita-se que seja um desequilíbrio imunológico, onde o sistema imunológico do corpo ataca as próprias células saudáveis.

O tratamento da síndrome antifosfolípide depende da gravidade e da extensão dos sintomas. Em geral, inclui medicamentos para controlar a inflamação, como corticosteroides e imunossupressores, além de medicamentos para tratar os sintomas específicos, como dor e artrite.

É importante notar que a síndrome antifosfolípide é uma doença complexa e variável, e o tratamento deve ser personalizado para cada paciente."
O que causa um ataque cardíaco?,"A doença arterial coronariana, ou DAC, é a causa subjacente mais comum de um ataque cardíaco. As artérias coronárias são os vasos sanguíneos que levam sangue e oxigênio ao músculo cardíaco. A maioria dos ataques cardíacos é causada por um coágulo sanguíneo que bloqueia uma das artérias coronárias. Quando o sangue não consegue chegar a parte do seu coração, essa área sofre de privação de oxigênio. Se o bloqueio persistir por tempo suficiente, as células na área afetada morrem.","Um ataque cardíaco, também conhecido como infarto do miocárdio, é uma condição médica grave que ocorre quando o fluxo sanguíneo para o coração é bloqueado ou severamente reduzido. Isso pode causar danos ao tecido cardíaco, levando a uma falta de oxigênio e nutrientes, o que pode resultar na morte do tecido.

Existem várias causas possíveis que podem contribuir para um ataque cardíaco, incluindo:

1. **Placa arterial**: A formação de placas nas artérias pode bloquear ou reduzir a circulação sanguínea, levando a um ataque cardíaco.
2. **Pressão alta**: A hipertensão (pressão alta) é um fator de risco comum para ataques cardíacos.
3. **Diabetes**: O diabetes pode danificar as artérias e aumentar o risco de ataques cardíacos.
4. **Tabagismo**: O tabagismo é um fator de risco significativo para ataques cardíacos.
5. **Obesidade**: A obesidade pode aumentar o risco de ataques cardíacos, especialmente se você tiver outros fatores de risco.
6. **Falta de atividade física**: Uma vida sedentária pode aumentar o risco de ataques cardíacos.
7. **Família**: Se você tem um histórico familiar de ataques cardíacos ou doenças cardíacas, você é mais propenso a experimentá-los.
8. **Outros fatores**: Outros fatores, como idade avançada, doenças renais ou hepáticas, e certas condições médicas, também podem aumentar o risco de ataques cardíacos.

É importante notar que muitos ataques cardíacos ocorrem sem sintomas prévios, e a maioria dos casos é causado por uma combinação desses fatores. Se você tem um histórico familiar de doenças cardíacas ou outros fatores de risco, é essencial conversar com seu médico sobre como reduzir seu risco de ataques cardíacos."
